,A,B,C,D
0,0.42030593657563914,1.0532677319143084,1.0299646182855624,-0.4162172607339956
1,-1.0835432817911785,-0.961656280018296,-0.6911617433499562,1.7850762396067406
2,-0.40894933286150514,0.2314314950920476,1.2773399037383222,-0.8458781019865277
3,-1.4394956962179861,-1.1067246784320044,-0.030958889189444165,0.5693839775833248
4,0.5930429763970011,0.6045745278126609,1.5764905063480885,0.3155455436372677
5,-1.48006683818905,0.07846533566416308,-0.725672155698653,-1.4094665127586272
6,-0.7362311010951088,-0.383408642567276,-1.7756359273866744,-0.41200808015203666
7,0.8600911710110076,0.9951101501292894,0.4331887333135281,1.074381951207503
8,-1.835430654718603,-1.7312715424098712,-1.0777024055752116,0.22298389658466916
9,-0.08403754132187799,-0.3119656843594306,-0.13687774286461718,1.6295943703966058
10,0.5612466562033533,-1.1050566837855458,0.3783184351692287,-0.1365307500493201
11,-0.26305883655520124,0.7513445486762395,-1.1980753497992023,0.9091757773416568
12,-0.09431504564038383,-1.7324830332990635,-0.2806781290046184,-0.9524771238454763
13,1.3143137719711773,0.3875516458287004,0.19913556144773767,0.3138311533423682
14,0.037577892304935794,0.8346589371378728,0.5338363912896681,-0.8952744757228381
15,-1.9519909773667647,0.403935264924511,1.19180895019263,-2.2164524551359426
16,0.15872528012980897,-0.11848399553032188,0.3667533021480323,-2.2288310362489017
17,-0.9998544089142487,-0.1457612429347806,-0.782646669071847,2.0897441597976236
18,0.07546240226544215,-2.8208989003961644,0.9143951189535052,-0.2781956894728352
19,1.4683722357148186,0.2260881618464732,-0.2693293261677611,0.9266087352491108
20,-1.2094067479633028,0.5164465163201879,-0.18014951988038114,-2.262593357065587
21,-0.4838470836082916,-0.06494236402623439,-0.43730388247157437,-0.1678184852486986
22,0.11046788401951713,0.36801998288787885,-0.6123008223122353,1.8771772269644345
23,0.8661747616241501,0.4196621629246231,-0.828331872923911,0.7921276204981038
24,2.065631931376039,1.4501861585871267,-0.06259305106125677,-0.7562805363990106
25,0.17376762644605817,0.3001463382240389,0.9572879332639174,1.3616938499067586
26,0.4745394723580425,0.2652528772837328,-0.6726311209039105,-0.5409694026882781
27,-0.8244484057820348,-0.00018250464919830698,-0.5185246239318247,-0.25103620675717436
28,-1.1603160405451587,0.5850757704978417,0.5705944041120068,0.8570768506939731
29,0.3516043137948309,0.7581691044235483,0.9179794854900307,0.2765209872650952
30,-0.9891860478742437,0.5861783909811012,-1.3269396169118914,-1.0660005899985758
31,-1.9948663959913284,0.7669392544315992,-0.43645567249210426,-0.20830470633876766
32,-0.8547116144564433,-0.8822964047609257,-0.2024405469741876,1.8213362720989144
33,-1.545956334803184,0.18973766289208369,0.9545371018281174,-0.3241124778699924
34,0.0922370297867827,2.319734600543063,1.2753931593345287,0.23547967584409016
35,1.029408732858491,0.16590429847044333,0.49738214512264284,-0.9041182381587317
36,-0.4751350442742004,0.8685838604128006,-0.08756909388719482,1.0900239688078757
37,-0.6695237876796925,0.20645918501692193,-0.830277508764361,0.003224045367151832
38,-0.5903980506721912,2.6102002481871867,-0.6217452200750863,0.40909558221651643
39,0.45678453535257396,-0.1962569229757562,-0.5213363124160912,0.8806118180555098
40,-0.34612090700213044,-0.2447330831385841,1.2932190336877258,1.015887848138067
41,0.5161059663240355,-0.21168984893381265,-0.2178050472904977,0.2870510672453236
42,1.7914106002201031,-1.0100113393190502,-0.8831169564363593,0.31489388335979185
43,0.8623677623815821,0.38157444058408535,0.41016545618852035,1.6137248252133842
44,-0.5154360079414774,-0.7455468828169795,1.5363295658042868,-0.39223140027417275
45,-0.005483999646908942,-0.9422742643760178,-0.20831185789362075,-0.22043161658348953
46,-0.06419263046776252,-0.8092187313950304,1.468589289346488,-0.9543305483190603
47,-0.6454559487463533,-0.02876211087930573,-0.5462761850925881,-0.5758471744919815
48,-0.7675918169753138,0.541594923288853,0.7750317810576184,-0.12356533399159357
49,1.391177684266241,0.22899829705316246,-0.6604854954179884,-1.9118229997484282
50,-1.9578895653731418,1.1130236181140154,-0.05738085244211349,-1.2416938232995123
51,0.5306160451090863,1.1782595096088282,-0.9569541426799488,-0.12037301854481891
52,-1.0027088823924257,-0.3512914303266201,1.2067173708760006,1.063414123363383
53,-0.9692589785709631,0.026337473006155777,0.418512603083828,-1.5112768981516327
54,1.1718744238396752,-0.7913016309689515,1.0981088900028366,1.8754532247113274
55,-0.44527809620045267,0.02676391961473551,-1.4524745383654845,-1.5546269036276468
56,-1.0801448152742976,0.7471129870566922,-1.3509451991293369,-1.2979648305782172
57,-1.5256453598936814,2.085716573949081,-0.06961263936750184,-0.2515695323527551
58,-0.6215887567437546,0.09379808790563816,0.6173636221842717,-0.822053962574831
59,-1.1860488830817966,2.1104312572701787,0.5739612413970425,-0.0935394049103901
60,2.940365782291445,0.16217772498705743,-0.5547049185259866,-0.7040817045054357
61,0.337121236541949,0.8088213908967208,-0.8786122713737516,-0.7735265796734377
62,2.5848589314048334,1.9135786014872638,-2.450752525799906,0.16049472906032086
63,-0.3966230337936621,-1.2976051557596668,0.12890996262699186,-0.6900558483098661
64,0.3773355443829748,0.1822415518098549,0.7470945105958287,-1.4770481094908938
65,-0.8329776331732566,-0.28712688901793393,-1.1941890787563594,0.329886823461219
66,-0.4799017561350909,-2.259957083719002,-0.17465277991056363,-1.6931817737265684
67,1.8754751632076307,-0.36597076066738454,0.15667297752546716,1.1421833327005497
68,-1.6315014338583276,-1.0551497748507275,-1.1032243592449718,1.7059078648228931
69,1.1440078018932645,0.14678029950569044,0.05043166253208167,-0.7335700777952685
70,0.20862657687337427,-0.578833194045833,0.8914573443832736,-1.3360408867498055
71,-0.9337705552247394,-0.7318175724772087,1.6214597372830406,-0.18000371022544318
72,-0.08434664403395538,0.6422202559974834,-1.5297143072980508,0.9981259814876282
73,0.05292061977991517,1.955694461177363,-0.8901249539183511,-1.0847053379848286
74,0.7029886972580762,-0.914703513394597,1.908441407692946,1.3253759188150132
75,0.7475707229855786,-0.7183667162634252,1.3521741596730652,1.091963657738766
76,0.7526122052010153,0.6492602377147312,-1.7632704529314271,0.6587307248727293
77,-2.3135528677440393,0.9063204514376025,0.29098802515194755,0.034640216640825346
78,-0.7640370972487617,0.32395598317756064,-0.9004342439654074,-0.029168069080609368
79,0.6868149765245279,-1.004553175366677,0.7777326948948527,0.9965475841587161
80,1.3092052947261394,0.020107161643758174,1.3924923990019578,0.7944766432153495
81,0.12756515183047235,-0.47218998218512914,-1.6033030466700076,0.2627284913752911
82,0.9007067797655341,0.9150201409942534,0.6382647656047051,-2.35951505348901
83,0.6757381934435727,0.3799382467878525,-1.121639340228899,0.42565551846837435
84,-1.3419234385164565,-0.6845497521494281,1.3935361367786308,-1.9497458810872377
85,-1.094295866472903,-0.5256380583803376,2.1189569587973045,-0.44715018217491137
86,0.8519795818710564,-0.23457085074290326,-1.1837164044689494,-1.843571750176206
87,0.5567423057075032,-0.1458895375527563,-0.3392005110016569,-0.016833908451628896
88,-0.8634769887658688,1.5538860054697903,-0.9158486207116558,-0.6868530458510347
89,-0.8858629165055806,-0.11838535504118528,1.0984406804667526,0.10955815747714945
90,0.5908462153129878,1.372442256650194,0.5882479731642037,-1.1223417926946315
91,1.5187446133573037,0.5036807467418558,1.4336867058939013,0.2732649054610317
92,-0.48894977715492893,0.17614282054820915,-1.3698933650756147,0.3044172162740649
93,-0.6124580865953776,0.6190178721638053,-2.2112982165743595,-1.5804023489906045
94,-1.5955379524946733,-0.8617210776876146,-0.6780955158624675,-1.0203790611366599
95,-0.18018599434596852,2.5719638132105467,0.4211762354486153,-0.3710116072844562
96,0.7171449734835066,-0.4886420052743893,1.535877519466534,1.6183977618234688
97,1.3584894018205953,1.126101854235566,-1.0441180753390298,1.7594886996948536
98,-0.24432105560018758,-0.47651438606589125,0.8638323282036415,-1.2861378640871564
99,0.5306508430848924,0.137213997786537,1.7901709678909128,-0.760510554225897
100,-0.0027520471080197946,-1.115461181328263,-1.7862012879919562,-2.398250907395789
101,0.8187579371746522,0.40143072178268785,-0.9026383155530722,1.563428978376319
102,1.0349352237464973,1.5155136960469373,-1.0625734139508163,0.29426953879103523
103,-0.7426582896207239,0.2826387271746497,-1.9768392955241196,0.6152197137299216
104,-0.047935180348096906,-0.6078326221030727,-0.652682501042147,1.2119934272765138
105,0.5281138745113506,1.504288495141173,0.3972160819840884,-1.8806048195921006
106,-0.13084234591420754,0.4787591509094396,-0.9380318065301044,0.8094795742368828
107,1.0754403764405913,1.204322285278412,1.0696363771122577,0.6383438932099249
108,0.11692983164209667,-1.1498994210956,1.653407860128379,-0.3597061859498292
109,1.7784182426788775,1.2872618570286876,0.07284951594326314,0.022154098749252633
110,-1.1837917782915868,0.6468917683087189,-2.0464933207245624,0.4959520300206168
111,2.037759143273856,0.1524217196257286,1.6740563831489519,1.7838162661186772
112,1.5780662653023767,0.4686781181900669,-0.16345783821450582,0.2154284345838533
113,0.29233475513134116,-0.13538889565854897,0.10036440913389855,-0.21286681774585658
114,-0.788401222123617,-0.8997545911567039,-0.744030326143891,-2.1049469348867023
115,-0.15054439097971828,0.4829394262166141,0.39410158608521567,-0.7920967965725427
116,-0.2112774941659357,0.9951771078156416,0.3179372683226298,0.2720264787896665
117,0.2666323088679985,-0.7940038645782721,1.2866087745600554,1.2564162413319355
118,-0.6315675484439707,1.4604907195387153,0.4989914752906673,-0.4404304988819982
119,-0.6658179071145234,0.6064228990287129,1.2750226669834965,0.9533647261669402
120,-1.0118455753850555,-1.5878970100131744,-0.4115830532923271,0.28664336273584934
121,-3.0368810674886446,-0.506890426889649,-0.7054518602437109,0.24833837478920548
122,-0.42660115399580956,-0.6215686131639221,-1.0109065981130174,-0.20488656130503177
123,-1.1640781017961441,0.5456910260319894,-0.8617469453623305,0.11687576640448727
124,-0.746664469624432,-1.2228051152557824,1.2875205255184845,-1.3564198009423487
125,-0.14381963875574547,-1.795773513646194,1.3878269354849777,-1.115225841192766
126,-1.4174105351946193,-0.20835182375962996,1.4654470748044572,0.9189466581493692
127,-1.3628795811330576,-0.05882795003930828,0.7129282682552189,1.9230174431435827
128,-0.3356392695506456,0.12660351970442832,-0.16377326970279033,-1.8830274178283415
129,0.21650981105145672,-1.7812272767650226,-0.07443461283313478,-1.1818409153468725
130,0.7938255796427426,-1.7616314259617454,2.135514882755448,-0.505878307637093
131,-1.5397248868428213,-0.16826845047302522,1.3933251830593647,1.1300452912210346
132,0.020860181363422933,-0.13083308427682142,-0.5993636387293518,1.2020026450180314
133,-0.8440910786364489,2.0518213496457824,-0.619832023129,-0.21317570099699612
134,-1.3411907094852016,-0.9951846338811998,-1.2578951707424915,1.5744252645897294
135,-1.038443992070702,0.6468666724369072,0.5122490961005912,0.30857121895079065
136,-0.4622591615259523,1.2562355864592374,0.1752358792276168,1.4952643479520078
137,-1.9361160379891267,-0.22265686001785776,-0.37702863727462094,-0.05541808491778315
138,-1.3126220630520462,1.386803974790013,1.4913575321528147,-0.21921406804495283
139,0.038525924807294394,-0.725696336021792,-2.445798603812742,-1.358695555005914
140,0.630109481413811,-0.8058397624212781,1.309468546692847,-0.15585298576978834
141,-0.500981018712632,1.0589357025106614,-0.9609293454004016,-1.8114090181969145
142,-1.0014082151001735,-1.4279095219501423,0.765985133252489,-0.808972722165116
143,-1.6313489914895427,0.3870030728456268,-0.3324167729650412,-0.047594328003330515
144,0.15007512937511208,2.56876037972148,0.8928878417201792,0.44490456284749014
145,0.41794789335700777,2.846799025658786,-0.27473634879417136,0.30708612925216394
146,-0.4560634745270711,0.8339293003107345,-1.106271876234429,-0.6842139672725085
147,1.2348456654820321,0.9291111894983158,0.8005183702856536,-0.23459686608137903
148,0.9051629047967108,0.16090953520123064,1.3057942637226125,-1.045543161965468
149,0.14818441193643278,-0.07024580816540726,0.9028880473248351,1.1755814828402609
150,1.6777515629713293,-1.0457783961828269,0.698328769239002,0.4868151700379925
151,1.8146732736250577,-0.5951141476598689,0.21199318905063189,-1.0243816513259134
152,0.3250747994323182,-0.04222041008268121,0.28554113460575625,-0.3321957057912865
153,0.977569501349595,-0.3115594315183725,1.3603168135989867,-0.568734426457774
154,-0.39516842733441027,0.05665997228918714,-1.7060850529550247,-1.4219213080328599
155,-0.31430567650152724,0.20187665755312162,1.5976344257429753,0.30178260858815653
156,0.8183963018735588,-0.5586131954436777,-0.6522237305268094,1.227240281077441
157,0.5948734516974613,0.5863654794154078,0.2917680459403524,1.2428528856923113
158,2.656502983448097,0.1368184692581716,0.7740470654180746,-0.8204412539950227
159,-0.5496807876176366,-0.3518013098457896,1.6802783059852657,1.715917500019391
160,1.029721583311008,-0.7808752848008169,1.9826880988701772,-0.1926177415711466
161,2.134829577131676,-0.09201767661021196,0.05207264987488179,-0.7285727461240765
162,-0.5351877875588376,1.5988253813866302,0.6262118980667648,-0.5822231463941051
163,0.2932635535351528,1.7325722728089996,-0.8041604389401448,-0.5062486170681246
164,0.8891929073790671,0.6793094143547797,2.623304528775776,1.0236104859782507
165,1.0113357633512239,-0.2642263917033425,0.9149587216178923,-1.807116750181618
166,-0.3222980177407191,-0.10848166248151384,-0.8430301921443474,-2.8630820777835777
167,1.614183158606939,0.00030090495805015484,1.5682603456295003,0.3875781423763065
168,1.1871794231684925,0.15865414067488184,1.4915698529439636,1.976491027936719
169,-0.6140553481989286,-0.4962502716351451,0.4780880109903406,0.2439345816611621
170,0.645117533364932,0.31045400420898633,-0.26245629382059377,-0.29739490848058736
171,-1.3744735443060252,0.8730261843733604,-1.1674340196347561,0.06289301690507552
172,-1.1025361370258173,-0.03214365316429614,-0.7853274557203674,-2.175305866490285
173,-0.6881648950438863,0.3473124000666789,1.6964196541757486,0.1879806690013304
174,-0.9246780736988743,1.3512762451508826,0.7608777110503181,-0.9027268363958759
175,-0.6915953557217969,0.230201349884658,-0.4357909350313378,0.5735330468157721
176,-0.9465601638448466,-0.31286195366754677,-0.31467091533441277,0.7548585586730409
177,1.1111774631267577,0.6291899683500626,0.930473409481364,-2.2591980555184996
178,0.9063483058395365,-0.15306822505717574,-0.4637670275927893,0.30046114117157713
179,1.716455106646643,-0.8686676667574627,1.1527936472146239,-0.6904170932488876
180,-0.6220506777283372,1.673408243242988,0.630385926119925,1.2587371796275324
181,0.37214477211607017,0.7591547466732843,-0.2537143704396981,-0.12482038226061797
182,1.1374624092473784,0.5912351174402705,-2.4853324393769056,-1.7986288262900074
183,-0.42747564977665115,-0.907872940016457,0.2429018908190422,0.35361166901438124
184,-0.7344220031687675,0.9541935165278155,0.27113918713360935,1.0723261865448293
185,-1.5882716133555288,1.8668235429852924,1.0676428038235684,0.3774406736580482
186,-0.5552799399196128,0.21254968659475482,2.3340316628787123,-0.048444401181564435
187,-1.23615986361199,1.0408046154311066,-1.2752194547149858,-0.03504009794741212
188,-1.4720846520351185,0.17329180454935644,0.9975498326505436,0.24270770772490527
189,-1.285093698870518,-0.07610418107602537,0.14570807094890817,-0.6976769303956776
190,0.7782212887123214,0.350916620937161,-1.5464448367266557,-0.7605818582226967
191,1.8692249309525963,-0.0867406951945895,0.5531601513061741,0.1405583802649494
192,0.5114191739620061,-0.9438177828911609,1.3276473379474116,2.0382861535717782
193,-0.6037801536300812,0.3175812099916656,1.8453899219148948,-1.131823339542297
194,-0.5932716258082069,1.5331574699443593,-1.435463211040523,-0.030040113583260888
195,-0.4777868537623399,-0.5995106169465548,-1.8651681410570575,-0.8757188246247857
196,-0.10606782489742071,1.6195978636388344,-1.3510442085551726,1.05964227970696
197,-0.9647780260241459,0.7088282709637481,-1.3186604107543038,-0.6570101492871584
198,-0.16305820535920815,-1.6708611647003802,1.4944757823745307,0.4068345057602107
199,-2.1467294625734676,-0.5767009048405662,0.6683165768651496,0.11645514801290013
200,-0.3277088246778046,-1.653011292184073,-1.1808449202475189,-0.7126352993639833
201,0.7158311592023193,0.008174923578674711,1.4676384552033286,-0.2644120470844226
202,-0.05935427404544174,0.6896450939058322,-0.8615341288654975,0.5649384287571665
203,1.623810225095935,1.4341826677988199,1.4712208312342634,0.9756920038367852
204,-0.6284701584546178,-0.32964122431550025,1.2459189087339515,-0.9042248233099982
205,-0.19972908983755955,1.3987814409542063,-1.8432074589002014,-0.7136810666178162
206,-0.4468301839771496,0.4115306644677117,-1.1137604645177905,-1.4102296770427232
207,0.567909882864393,-0.46973903536010686,-1.3577374829508557,2.115178778010058
208,1.3817017000485499,-0.981703284327236,0.7599415235396116,0.3628457378781744
209,-0.2119983852090126,0.9680278200815564,-0.6701024130782073,1.5014244688889624
210,0.07983815817414856,1.512443358709293,-0.7495255679333862,-1.0854709071111592
211,-0.18711728120275647,1.3351858359364248,-0.014226250762766004,0.23181882313760416
212,1.6374325968521688,-1.3573890934438966,-0.9760991016790926,0.681506111143253
213,-1.6337721637770406,1.1645818466026379,-2.0160336230389846,-0.9357708123451011
214,-0.46042354058071555,0.7408214418574135,-0.7038345436079135,1.3878481367814937
215,-0.012514722304581952,0.3800723227257059,1.941181858620627,0.4421252286744606
216,-0.335092587591273,-0.24254938419406966,0.06367029669657515,-1.6233592517263182
217,0.0639060719226847,0.020983791902828657,0.22960682562549772,0.8132385678906203
218,1.6387783151234552,-0.3615469669428368,0.9810778760404018,-1.009785748859255
219,-0.5426623974740837,0.22921219320654973,-0.6000977315946475,-1.2786427300990233
220,1.360327346347901,1.1068742018608697,0.38215741638398143,0.7827430052653281
221,0.190359717226533,1.1620637514098904,0.12586417190531157,-0.29806101886768377
222,-0.4985734072745557,-1.7286917316176185,1.165141712904404,-0.506699040045742
223,-1.158235395169558,0.1220628598931538,-1.1377836870900955,0.46315114201875945
224,0.5331306308873885,0.4453807580064706,1.3881719493750129,-0.2807139599873716
225,0.6916591245601303,-1.1839935181574455,-0.41745407281586394,0.00012171124154088641
226,-0.11099053650284381,1.0812223303784398,-1.0986744020144141,-0.05799766921199371
227,1.4387410307083035,-0.22728844431848616,0.2665496049521274,0.018244984362009567
228,2.2878795673427583,0.6461894833220784,-1.9995853902289702,1.6921223225284978
229,-1.8578562574178938,-0.1258606243842658,-0.34614752226381335,-0.801579140285123
230,-0.17136326013675685,1.2247475999926536,-1.2886146933494782,0.13225435182209405
231,0.7440754829340509,0.3744390057885189,-1.9269619704644922,-0.4955205375446024
232,1.5039132373840367,0.7921301128740064,-0.9614743577132698,1.587955044447806
233,-0.936188938644713,0.7513879964752239,-0.528608355807753,-0.3599125201225019
234,-1.0007367851174271,0.39647583473694864,1.444675249186572,0.33160400009074875
235,0.25356657395557736,1.3840977229742857,0.3920289870373436,1.4132074537891999
236,-1.6168104381894657,1.4804575994194762,1.8152505849439955,-0.2750916413829211
237,-1.0047823814659063,-0.19053567200710167,-0.5585069133088487,1.9680241096792155
238,-0.3502183504401871,-1.6743525530361638,0.3591117466905939,-0.31882594091044925
239,-1.9286774708312482,0.6436271403060402,0.16457813022020878,-0.5876715749877403
240,1.1363001182554175,1.2939753406493202,0.3423317707820182,0.2533318640948603
241,-1.3689253114393651,-0.20244559155395436,1.3855653341076093,1.38125811051911
242,0.34861026326110517,-0.8909108969252917,-0.2975548398969382,0.10385371523242104
243,0.4482863737791322,-0.5314706888672458,-0.543125276149518,0.41456046731304197
244,-1.0594656269549951,0.605010086471685,0.8149888824964262,1.6035460622533906
245,0.07577061242738793,-1.281720563527095,-0.47860396163741487,-1.9601418864138727
246,-1.6402938307620294,-0.05357756269390961,1.9487433518558128,0.9207556407685997
247,1.0119807696022773,-1.3724599868000493,-1.3798537571343787,-0.3033398390002741
248,-0.3399588830400872,0.8973029276861109,1.3122798620119098,-0.955007463410951
249,-0.2953311693402315,-0.3075583626641968,-0.0038025103735679438,0.24559046541271715
250,-0.017523118164206573,-0.40626037313584096,-0.23661517334672125,0.5829528631016264
251,0.11643131637135909,1.769670833276675,-0.8661488927855433,0.1299202925745278
252,0.2669029287930641,-0.9427867047369567,-0.2975317853598868,-0.8683363056268015
253,1.3646293681189379,-1.284970385138227,2.034907840480162,0.6126588012187105
254,0.14558747246373663,0.09755115145812963,1.1044514653055346,-0.18064065815805627
255,-1.300153505712192,0.37170691869538974,0.5653588948292966,-0.843500671671442
256,0.9402298817889392,-1.816641959181683,3.09439294402287,-0.15021933162642953
257,-1.8193093187979643,1.398311626155268,-1.8285403898370323,0.8267546572287444
258,0.978651018694849,0.7811273844635112,0.11427294425298001,-0.25591623798516716
259,-0.052012505822855694,-1.1379045466490765,-0.41029507030236545,-0.5945922869853022
260,0.21152185258852438,0.3879930298746007,2.318004626018134,-1.3960512480941487
261,1.2181930530103955,1.4909137753218888,-0.2745470133009854,0.6645221673552634
262,0.829019981437483,0.8367677971999048,-0.59291840346459,-0.34488437905420394
263,-0.12056815677949266,-0.9437505307553762,2.4722050919972665,-0.27870703528102203
264,0.7601388087467009,-0.5234409955265305,-1.2417448292172668,0.5244558029462921
265,-0.025944321250306754,-0.4713615056808843,0.6740857474192364,-0.23241361956602155
266,-1.64445434537583,1.0460212594333285,-0.3114760322432036,0.622030009742681
267,0.22747491591397476,-0.036033228669526234,0.5391000843636767,-0.22718849117713663
268,0.8990664113312328,-0.7845967832985288,0.557394988483024,-0.8551859501315111
269,0.6333939238707335,0.6608784332559952,-0.24253209117649951,-1.1424867658934623
270,1.4479548980365506,-0.6648560207801768,-0.755832647643002,0.12015615080408446
271,-2.711126460076759,-0.6077456305276288,1.1805943819449112,-0.18855919418137976
272,-0.5287218525195352,-0.44458245829224785,1.0327790041143967,0.7176927567713867
273,-2.383221777708044,-0.19054360526995615,-2.170439963567849,-0.5348320816276132
274,-0.3055589370268138,-1.516564914651985,-0.10354539652984164,1.854571065530367
275,-2.5482335338460547,-0.7441489792420908,0.5041777096596539,0.3015945621898953
276,1.9473662921373067,-1.1529301564902965,2.6011970214895013,-0.8989879746622171
277,0.03956941358820371,-0.6642902885793851,-1.5400151018091466,-0.8552916555242954
278,0.2953625545423175,-0.17780926341899378,-0.45471448001985365,0.21078678983226876
279,-1.149682908701627,0.19918961846519886,0.33659230222560327,-0.8922046935513664
280,-1.1547203020277899,-0.27731721839404394,-0.7422075856958164,0.22412677073012718
281,1.061627097232413,-0.13464573693285853,-0.6342028364987649,0.4892308835778377
282,-0.28623132868345225,-0.6247898378755377,0.35244934209552903,-0.16360993811996713
283,0.517400925609864,-0.8964573417048248,-1.1676451453123662,-0.9062115402313592
284,-0.9189838221191174,2.2317274323685576,-1.4874420016854033,-1.975280324889159
285,0.9749137726594634,1.4856865405933506,0.5489225623302947,-0.18795009169290317
286,-0.0698781365851047,0.1952709190055951,0.10407894476243465,-0.21313664013612446
287,-0.40669220077125856,0.5005720498843724,2.158198304703339,0.3555106390916379
288,1.685125579535659,-0.7554837976817471,0.02265525561822705,0.29117386636554654
289,0.5849864813681601,1.5244129449520167,0.15468448705161034,0.7221558554424838
290,-0.49346368095126564,-0.00530454217110254,-0.6293614211360979,-0.02109605323933196
291,0.6156891910075879,-0.2993485164967196,-1.0235598050709085,1.1484682108684012
292,0.7149795170798487,0.17236425576833872,-0.5764370303194987,-0.9550729191525844
293,-0.9515436445475118,-1.4487876083992974,0.2119805826460476,-0.6383478944115182
294,-0.09281444451882975,1.3066258024870019,-0.9402903642041645,1.6004976140623308
295,-0.4442391358001533,-0.16503316011143002,0.5614626593995201,-0.4719070652187601
296,-0.8804291307186679,0.6614526518021973,0.12917117862358846,-0.6570267417702315
297,0.3689746054813873,0.034176034270207066,-0.45733936051775637,0.6490280220693746
298,-0.49774560636098575,-0.014098575125851685,0.4468528468229545,-0.19912457012960486
299,2.017936541362116,-0.2854221016494834,-0.26603773935988495,-0.6833612461783642
300,0.9996580436452097,0.4572304807730477,-2.0330476064421243,0.46149971766589154
301,1.0795414151613303,-0.5404371264937994,1.8198062552580372,-0.07551388983613806
302,-0.35704194819979085,1.483318088215147,1.2242168275624075,0.6511154635639392
303,-0.7426692590493703,-0.9338798986093628,0.35469879891592604,1.2856349427702642
304,-0.16592145071869188,1.6803487574911782,-0.4234627724061606,-0.07945277475457874
305,-0.3181136921227857,0.06643024152222159,-1.4519767169262396,-1.2573841907720338
306,-0.22945032372258323,-1.1909738261306335,0.7887392074326989,0.6064542926393695
307,0.05198652226259211,-1.0755585233026794,0.10750003223159442,-0.2755378790327055
308,1.8801530782940756,0.09297417149046068,-0.8611091386546138,0.04099356793732094
309,1.2183186653472793,0.42464042915642114,0.43080777880882015,1.0574792576792575
310,-0.6666029782454062,-0.5065157054928104,-0.10150335523758526,0.386289598594376
311,-2.100388328675826,0.2346529843920347,-0.17069931517859796,0.5385978301250661
312,1.8102125305961776,0.25402101005499483,-1.090413434246074,-0.8909513013862848
313,1.5213289139673372,0.19562397388726827,0.5617400910214001,0.10183277764684444
314,-1.0337788906289276,0.03343498765567167,-1.9933675476839723,0.3967882345325677
315,-0.11102654970285349,-0.35864823131092594,1.087652564036323,-0.5665627383918665
316,-0.6671650857325957,0.9691359753382884,0.3572672450679048,0.5210823536629922
317,0.12423944634812094,2.111658092011116,0.2135676538330507,-0.5608592813756131
318,0.20322494464343577,-1.1555639603765822,1.00051155753518,0.953544973584353
319,0.1747585325113889,0.7890879962066557,-1.8504321588999653,0.8183765106743918
320,-0.4497340227798551,-1.694737550584705,-0.7087060729993905,-0.8524137378395235
321,-1.3113106855636376,1.5232054725660138,0.16116921524218863,0.5485043329353699
322,-1.418733285087563,-0.5493111630333105,-0.29135921944666915,-0.8686763987342745
323,-0.8065756507653236,-1.5986897846751635,-1.0317416748430983,-1.0180829867440575
324,-1.4682211505695852,0.28126136988661643,0.692989994551918,-0.8344444945621383
325,0.14358264820419367,1.1653012724222043,-1.5101888514332842,0.9561177505211438
326,0.040819912399109155,-0.3915235341985966,0.5884817520725615,0.49606367949256197
327,0.3666241514143911,-0.11494837539181364,0.32811844356891445,0.07974589750836665
328,-0.12540336905154778,1.6556733411272717,-0.673261023196493,-1.0320176580141835
329,-1.1816514846573543,-0.2915814520484645,0.5863473885876307,-2.44352627817632
330,1.3761463536224081,0.9931172454825599,-0.5616391330410214,0.7863172971379578
331,-1.6736262416312453,1.0823276866886244,0.351291812216716,1.0429682619666825
332,-0.0935404525063319,-0.6719488016189299,0.26755941549219353,-1.3338233560077348
333,-0.16055788035111787,-2.244815960238619,-0.23343765788878718,-1.8104153039065125
334,-0.8570482346546016,1.6416966373448385,-0.07144100709486517,-0.3805960209375356
335,-0.4929989192108401,1.3772546401249328,-1.0065927945921433,-0.6940779725439172
336,-0.3855820870530419,1.9939869131975618,0.4210527821999457,-0.1718208144615685
337,-1.3410010961927579,0.7970902645840473,-2.6471335637109297,0.9986740446907192
338,-0.29687864329510405,1.086128991901943,-1.0139551072649473,-1.4586285975118514
339,1.7102561314146523,0.6147775410306293,1.083167686845729,-0.44867197122340924
340,0.1313852738451796,-0.2806556121459816,0.6447523073482329,0.2515409828034409
341,-0.7116287241241629,-0.1681541419445215,0.21416439617678548,0.003513181457281086
342,-0.3181660705194257,0.25420625834381944,0.49291838868313226,1.0516151722683689
343,-0.29532824956724085,-0.7109118871970879,-0.12970850125396868,-0.18844503016942854
344,1.578068957174157,-0.5030230281297537,0.05198534261736417,1.1534389016296016
345,0.14397802482042657,-0.6571178634247227,-0.8807549474407755,-0.5328033609780067
346,0.46342678928881004,0.7651251579933533,-1.1057851812673853,0.9003422808595509
347,0.19822823515356106,-0.7360221960367158,-0.08419045022243933,1.5541077791492
348,-0.21028234500340134,0.37626179270091564,-0.9217681569145721,0.3786032459331909
349,0.36289854557983586,-2.352910188513432,-1.6671831762321445,0.5358313025235871
350,-0.5125769169179971,-1.4167646088956032,1.4553628568161348,0.6715294086889227
351,-1.3652773088692123,1.0236454954243555,0.9222031336892884,0.25448934903207954
352,0.27162301825984375,1.1834035196330202,-0.15303107321836168,-1.1940818127363513
353,-0.735666318527845,-0.6213440560906466,-0.8975473427557383,1.9270295207762682
354,0.07973116846456248,-0.88887410610916,0.06802873291558892,0.1392502675674276
355,0.3902513676037405,-1.6038137945904842,0.9216416767393711,0.5011028739408566
356,0.4904309388640488,-0.5950655261699833,1.7821113274059466,0.3988240152276929
357,-1.007857718168782,1.1986718063063113,-2.2550528077430334,1.4024729310016673
358,0.3603021199389954,0.011178534946378204,0.5758101390616057,0.957937721682295
359,0.6635002490443219,0.05071274835863881,0.8042397724191911,1.3122178891723537
360,-0.5505972176248933,0.553976421824705,0.5940159732619377,0.345379140913648
361,1.6174250108910913,-0.9308919715351163,2.397547653460651,2.2083699085050315
362,0.6881775776076645,0.31491973203808826,0.699145038225128,1.8457852470116272
363,0.4843512406533344,0.957036469653284,-0.9408153589369731,-0.5640513483882074
364,-1.446878110104415,-0.7517756743629798,-1.5496927060841947,1.1997159103266557
365,1.0407705682881032,-0.07437322802370516,0.3669696742019271,-0.29986993000793744
366,0.5568991053944313,-0.4072943877417085,0.15513728645364713,-0.83012026839439
367,-0.3013982822070391,0.44075813363602506,0.24847186382343048,-1.4706885418630675
368,0.38198865172850144,-3.2316282575296333,-0.08485287631447762,0.928393886938492
369,-1.1835728699651855,1.075985697557316,-0.663057777807449,-0.5414079994563988
370,-0.180452594639275,-0.2133398781748826,1.5810107238981717,2.010502830673051
371,0.34731977807272263,-0.3157640491461559,0.5185613589776856,1.408545240402773
372,0.1759673508785639,0.43068732521900716,1.2331410911993674,-1.8333286867181717
373,-0.04878265775115091,-0.38892016045027145,0.13976224399487006,0.01692951298229916
374,-1.598141954915247,-1.8942160575342262,0.8021414625105765,0.7263688195666381
375,-1.2693074848301997,-0.24021611127900439,-0.6556827447386372,0.4084053618199403
376,2.2945460706254317,-0.500061512915905,-0.06043912898223349,0.2239900585224624
377,1.0754180380223062,-0.41403510387470027,0.8463825897255083,0.41400189428455075
378,-0.7249662527592046,-1.2054444194091325,-0.23211382700421299,0.6712990871211295
379,-2.125542797851306,0.6371281306304807,1.3831074923054323,-1.4059185737816506
380,0.3578241707673313,-1.0992658033578708,0.7805863129609943,1.3443963845929647
381,0.04428264682348379,-0.9127526067895682,0.10130511837421684,-1.292096289042272
382,-0.3441827052613721,-1.2244458509745766,0.0535752852893595,0.6923171889904668
383,0.13143382011711854,-0.22598453375458705,1.4183777110705789,-2.573178835943311
384,0.7615084043988092,-1.1675587348850083,0.9483646667494672,-0.8274795740107708
385,-0.05691056743012504,-0.9801242871635463,-0.7711344647754292,-1.2228879816813623
386,-0.7161727104890991,0.4783582664724268,-1.6040448120813706,-0.7382082189336443
387,-1.0113036903840447,0.8165807702979679,0.3414037140903058,0.8013148596973614
388,-0.6224427131123664,0.10729168707511139,-0.5710374349940367,0.23614863210463094
389,-0.9048273365268852,0.23255632939579363,-1.2889436692274971,-0.33786461553717245
390,-0.01949463011770647,0.09159430183913536,0.08203811931198651,0.09514734717287933
391,-0.5275474919530675,-0.6088120565026298,1.5172851548319346,0.7647910356990865
392,1.127987193810936,0.07364832674688694,-1.5492155576801614,-0.43233986617094217
393,2.140331471581754,-0.6498108486569342,0.650913914850328,0.2737736521060177
394,0.01354009831742201,1.0710678075868907,-0.5706980581653839,0.9236941269448814
395,-0.20760967449838683,1.8255796137604698,-0.5940109350628254,0.6135129030451194
396,0.9459378422992271,0.9460312988545243,-0.40905751387202866,-0.507982104774022
397,-0.3384653919063741,-0.8057523497646033,-0.6543132468618241,0.2188503725759535
398,-1.0349073979539445,-1.4755891612315468,-1.6013395774831372,1.435496846720969
399,-1.972260479296581,-0.3772121995508828,0.7499647990737316,0.3642927532222453
400,-0.8022024714121219,0.26913969954543415,-0.47950700909161703,0.5662695781502219
401,0.7505309585137385,1.5125606167382248,1.3794402361662579,-1.376770159512116
402,0.538827940124302,0.6832061779732084,-1.1851848236695632,-0.2824603940371593
403,0.5144299487343357,0.5854601823406014,1.277744888775464,-0.18107756961783852
404,0.3179934818248592,0.5347384700923766,-1.138186237945934,0.4019019353378405
405,0.8301669776427634,-0.031499255236899525,-1.5056780563908643,0.35828209665600813
406,-1.1905306270838472,0.07926294146127014,0.028960246480528994,-0.20533052618110417
407,0.43653136555466926,-0.0010604560648486332,-1.0504774484210533,1.1725370457439015
408,1.567079454566009,1.1228611643322588,-1.0953391532567927,1.1029800914294954
409,-0.14177983630510374,1.781627024280241,-1.2589840633585798,1.3414179177640315
410,-0.682569002010801,0.32421999418579545,-0.44966434925866067,-0.7932591370175875
411,-0.5631988893586108,0.6700169336760589,0.3399952583864956,-0.10206753150287963
412,-1.2934898360095133,2.5919455942764094,-2.3530727230417625,0.5172520153631004
413,-1.2355988583260762,0.8690648580866789,1.1668760267553837,-2.4091136705269713
414,0.13453376533007114,0.9814032509919222,1.6602802036365492,0.10662580618526898
415,-1.8050600998486666,-0.37447537140550846,0.7622000050609687,0.6420340259421942
416,0.10645633729011611,0.9342546974821767,-0.41100771378736045,1.4183905026919135
417,-1.3705670135393961,1.135279929963217,0.811942258447725,-0.944765914667243
418,0.8462983244773334,-2.1741279894470056,-1.9585906599682632,0.7095822054886002
419,-0.152357532104801,1.0524300134060296,-0.7219802195293485,-0.024609083847583414
420,-2.5151895423910955,0.7100475698950244,-1.6115485452217817,0.42859768676003185
421,0.13225143327281247,0.024638183710183496,0.9449940369154222,-0.20189144892062977
422,-0.2563029152435526,-0.9853890847872145,0.7874276256255845,-0.6748504405022845
423,-1.2128961993046394,-0.7129355360518094,0.5721481599015588,-0.5073554286262697
424,-0.36209501265067956,0.9731721091959048,0.09694508556394206,0.6415816967241913
425,-1.554785231964217,0.3608746699852908,-0.9109200720989579,-0.39763401065997883
426,0.17166180679134402,-0.569833231835447,-0.30601834787935056,-1.235458089092655
427,-0.8496039491749486,0.3314799384686121,-0.045387463030371236,0.9296957963091053
428,1.819100982471342,1.2952690880672841,-0.1027332722291165,0.6050567037138134
429,-1.0035495158084318,-0.043903548140831083,-0.5925954771389793,-0.22265681812842741
430,-1.8349498745717983,0.5886160103708887,1.14595904904593,-0.10509630313557727
431,-0.5708553518763595,-0.5263250468921503,1.103645932083984,-0.21790910654454418
432,0.6572624079542341,0.9663661142162905,-1.5177364919107206,-0.8369148044807432
433,0.4715347164104222,0.15626345584627158,-0.34908279664433334,0.4999729382798384
434,0.8014620314335577,2.107201280187177,-0.21551003769295526,-0.17035859490000038
435,-0.8573835282407224,0.5149089420174866,0.8619059568520977,-1.1238934214703147
436,-0.26840305528940106,0.4766687330521152,0.11137051058495523,1.3198085826954744
437,1.539802229570526,-1.17077166183434,0.3271674436678787,-1.396326901617814
438,1.9184797452811002,-0.11006231287976079,-0.8399804769894439,1.252208604185538
439,0.5737989983810416,-0.3415043726490433,-0.4772356034357946,-0.8521118373143098
440,-0.28372921243710814,-0.9736972772441188,0.62636498417594,1.4884841214098774
441,-1.6856987116982411,0.5153958669151262,-0.8288578648221556,-0.44206834347011265
442,0.12312514648103937,-0.021149474538455653,-0.43650965231781763,-0.8698236015659597
443,-0.4638362130137723,-0.6011396674223906,-1.3542973738525774,0.08169258949734057
444,-1.3175940254413323,1.5695470467880528,2.5078827920060784,-0.3320617436882069
445,0.9478920020612632,-0.5302244313538205,0.17560371015087908,-0.2774163334130768
446,-1.5544673314152497,-0.6365648240346213,1.7119959560202893,0.40756123099835795
447,-0.8468946853872037,1.2747160422265151,1.2901526102834795,1.7269811132544965
448,0.4718545288193904,1.4097725331653708,-1.1223164046336367,0.305853634597215
449,-0.33078725964097827,-0.42659337056584046,1.5136548837356165,-0.9220625473927947
450,-1.179979054788975,-1.307561623382463,-0.046017810497230936,-0.3222887233589032
451,0.7127472395281276,0.15992228193616093,1.0313885553843176,-0.2993158917083418
452,-2.0548395515824054,-1.0503579589406067,0.7415239675574383,1.0503491351330614
453,-1.0870890230304768,1.8145041356521756,1.8517876273447262,-0.3756432088800971
454,0.021849245991257527,-1.032405765177556,1.5198407598732826,1.4330931523667712
455,2.404531007100465,-0.6651843798988264,1.0306620072871706,-0.4727254555013524
456,2.8770709290826604,-1.4618894249006018,0.6507240582179628,0.4016087449605911
457,1.382584092579518,-0.1535556662726964,0.19704463244498138,1.4498518390961093
458,1.0606548214928568,-0.8969712243843068,0.18959295521451575,0.16164063940810344
459,-1.7483372907489367,0.2236398128850466,-1.1240140678257988,0.6662661932615462
460,1.5787207011015567,1.281528033857111,-0.29628495136120236,0.7631951993614563
461,0.8882399598311853,0.21407052322990264,0.5302624158690439,1.525875066106605
462,-1.3307606129698792,-1.3947300719653648,1.4582110038316927,-0.10243574986452918
463,0.4550446541085131,-0.3291960639419532,-0.4870966280317913,1.6832009204004457
464,-0.004098432875942721,0.29225885055322637,0.4950118513949126,-1.3965260871657492
465,-0.5780763007163144,-1.0588049716605463,-0.5597315846329687,0.8143795288193117
466,0.7938704104284497,-0.9321837763469782,0.5125925913938838,0.29293759227583377
467,1.5981579688062142,0.2446538693081297,-1.197180413615724,2.211245846188577
468,0.5881332866587561,-0.3800675366899862,-0.17278624845928894,1.964858500845861
469,-0.9553255541641162,0.6015299064453006,-0.44464302100321146,1.1576839647262918
470,-1.1798537157565105,-0.05078362646452079,-0.22043816716680167,-0.8832205983082916
471,-0.14869339403446466,-0.2141338596067935,-0.17796545887497728,1.75992495367017
472,-1.0282472206160511,-0.7681577422172038,1.0042276952714153,-0.6828186351497616
473,-0.9884556823743109,1.413969393082405,1.3453884682526138,2.6303560858125796
474,-0.25242359581946056,0.06664006059997239,-0.17666382625608798,-0.5929153765383803
475,0.3780254457644614,-0.378791252561627,-1.7305314565279535,1.4824311347803925
476,-0.8165541955177178,-0.2738394728615247,0.7085618967845968,-0.7511130123359595
477,-0.6674404739280978,-0.1799288409920586,-0.7857279717498108,-0.6389714959928829
478,0.2781664916366116,-1.1047432091467133,-0.1412416316564866,-1.195436243455142
479,-1.6167204593872653,-0.8313307735822593,1.1112585657361396,-0.1696512062803486
480,-0.479380845379709,-1.0763571964422867,-0.6959055946757755,-0.3720547129079102
481,1.8605790994625442,-0.1772397161471814,1.3158206563683332,-2.0690983473887545
482,-0.6602773757832144,0.5554249811532483,-0.7252081689127138,-1.9428555251025392
483,-0.7787556170047288,0.9071251112504838,-1.289634436661021,-0.7874390145397374
484,2.125625864553467,0.4685504251207022,0.13174880049580381,1.1088757688872717
485,0.564967810922557,0.7744124826635422,1.3350389528727873,0.22190345172198833
486,-0.4436507043332745,1.278258397350691,-0.9107137207466138,1.0853374054145841
487,-0.4328617772573572,1.6427967803358465,-2.045752143797101,-1.0468580921234145
488,-0.5118329653562522,0.5059697193522605,0.8618611411073217,-1.3677872997199925
489,-1.2312496939537634,-0.6316549507918761,0.42048314316292,-1.059672232117068
490,-0.8830974115618019,-0.13190534689951872,1.1179934217196243,1.0837668183665012
491,0.5491106528430265,0.4686438908380364,0.9996648395364667,-0.21091384196991675
492,-0.8108636363741294,1.4895005201868978,-1.168925054958605,0.6274409795116294
493,2.1665938545984726,1.0826028131691152,-0.6081371762521506,1.0089230947192942
494,-0.5956927981575784,0.05442643547462181,0.8761735788470507,-1.436724509071475
495,0.9185507081451263,-0.8374361492232518,0.020043904144908364,1.6228731755391164
496,0.25538762911689733,0.5973409538680136,0.547856674147873,-1.0856756799404597
497,0.5612922474127029,-0.48669886039534965,-1.2058535359583862,-1.2857781463462514
498,-0.9160306873561833,-0.3309796596114454,-1.6414181338658471,-0.4530509112023219
499,-0.43871652822764406,2.2711088824058656,0.8132208157013173,-0.3292749837611815
500,-0.29558560584770865,-0.527230304848361,-0.9917456713906323,0.09331704380160158
501,-1.4167646258110642,-1.2926117520548215,0.5566434548741044,1.314345187807491
502,-1.3271553162617726,-0.6062572626098863,-1.478726828724955,-0.31976381065561205
503,0.6853269147912509,0.2547061393761474,-0.025779207997945232,1.2004927920821484
504,0.6930152591299599,-0.7821801924103867,-1.3115147481685285,-0.3367878920239134
505,0.5048235154367268,-0.5224965007488827,0.33015394461336134,1.8587977393782942
506,1.3155326591871022,1.6899355799406655,-1.2788029899174687,0.11827318344549055
507,0.2065317501942958,0.18019077472337786,-0.1319258139533413,-0.8244713035936149
508,1.3236269320564726,-1.5395191549910328,-0.3501727700991451,1.0952215616004572
509,-0.16386775288186797,0.5954856134079924,1.6960348137035164,-0.05430093045600996
510,-0.044797738603215884,0.5214589990093741,-0.5626218930122672,-0.6095035165919303
511,-0.11863045197449124,0.3284919786527262,1.3063162257671728,0.5510643620546983
512,0.7125487420461394,0.6452694490262262,-0.9549224125467771,-0.025386000003704258
513,0.6998954232172055,0.8161008142329287,-0.4179206802413489,-0.21986534572122568
514,0.9524864562112204,-2.117440163496492,0.3217687771940304,-1.113583261676133
515,-1.598952885076796,-1.3383770458530602,-0.7141741678436573,-1.1680974277251062
516,-0.7598974529929573,0.7541448156948528,0.41374229078537106,-0.3021609466721525
517,0.8329093636080408,-0.8949951201511769,1.717695227275564,-2.017581324032411
518,-0.9079593023496555,0.0918839327662332,-0.38408883801708743,-0.21821360642391327
519,-1.0819703107824066,-1.0808527759687128,0.9678548927541567,-0.07683737883075263
520,0.3004374855408243,-0.28737194667389443,-0.06685343510326387,-0.18653129271326846
521,-0.6481524708047073,0.3649500864662384,0.5315599638860072,0.3014405929787107
522,-0.36708898562286923,2.2933425475273594,1.358574001725634,0.45487284674111533
523,0.44377751243223745,-1.081533673605442,1.1426546443313015,-0.16440083258856536
524,1.8868061271576457,0.638062911415106,-1.512669899017481,-3.3168245071835165
525,-1.0382907276952904,1.043695086045016,-0.18544230271357898,-0.26213897334286274
526,0.4229963325833236,1.2607922244987153,0.8040218004576895,-0.20753509647372823
527,-1.4892017998708247,0.9410408191317734,-0.31402113264313936,-1.5910956029802272
528,-1.7601844169763574,0.06429819279163523,0.7265321329632459,0.04079472258821982
529,-0.7762011134654891,0.5521569132889087,-0.9878030939605851,0.8355853556132266
530,1.1667448458527292,1.6038543423504754,1.4502382755630012,0.813614657143995
531,-0.12124763825963672,-0.8229603393535417,-2.175277091571688,0.7497318594852103
532,0.6476090037704655,1.7878973469461223,-0.5978766285998132,0.524469250620434
533,1.558439429472891,-0.5516322548700742,0.5357864072443088,-0.4440426836547288
534,1.572927763894228,0.28351311311387883,0.8812027523062328,1.1314774745571228
535,0.43316587385977073,-0.07240400054208042,1.8008424077017247,-1.7348844491548348
536,-1.0257898581362948,-0.25779847854236054,-0.12419966921086052,0.5686344485439507
537,-0.6045866184266646,0.04258370167565756,-0.4447975727263214,0.018749375723198698
538,0.06922364875485128,-0.6360261993644785,-0.034675226834963185,0.27767073749292537
539,0.6746260823879164,-1.0929637312004221,1.9366260330971996,-0.7163564123805654
540,-0.3261607748094763,-1.0034404156767993,0.4259280852714509,0.6927677969220626
541,-0.004535614867467482,0.21547617216518605,-0.3335656040708254,-0.29194205283696806
542,-0.26453786565280935,-0.15868622456831383,0.5360878238472104,1.136077458104511
543,-0.9776003785924348,-0.21194410436884292,-0.4245495033806093,0.23259642083981785
544,0.24882565052115668,1.4171530850562066,0.5162345605606385,0.9021160391330579
545,-1.8660041964779606,-1.3013278286554386,-0.3905631361510928,1.3232426086768818
546,-1.7234382139162963,-0.27000322853370956,0.39143929191715854,-1.3585847055398674
547,-0.17869376431542733,-0.1764243336383452,0.11412527871560076,0.011549200019985795
548,-0.16610275188090837,0.5295239007794841,-0.050744741510202855,-0.008360846780152276
549,0.6117772189187977,0.19583550523749513,0.702250052233455,0.7077266764019943
550,0.938450134786189,0.03038214138068907,-0.4332531715664557,1.1595583529709592
551,-1.2916949035636394,1.6285060134945044,-1.7126015948374749,0.5023216060301883
552,0.8097499306696979,0.8417093755346368,-2.134209341825011,-0.37699665019231376
553,-0.5697333632382994,-1.1742703654328823,0.4197506099543468,-1.19440825543905
554,-1.4384580081074239,1.5455521514075716,-0.004865386587013437,0.27094893661045866
555,-0.28639954773232673,-1.3920184458122777,-0.24324950558443562,0.8007065742945672
556,-1.9740281156626138,0.5214908054979339,0.5162243006178084,0.0430512944011103
557,-0.5513793718332862,1.0353074778923392,0.5892068822743125,0.5933711502699496
558,2.0995616838119675,1.6559358741490147,0.7993434365116527,0.3784595593042865
559,0.29322427212301877,-1.148680726532588,1.1667324047657048,-0.7749401096984055
560,-1.175197546640318,0.21848179282185384,0.6979727896817332,0.8294635040202996
561,-0.31514836573693156,0.12994518951371845,0.5951599281202586,0.3140155988165771
562,0.026086894975772705,1.4481949946726813,-0.3618639097131786,-0.6000805412606459
563,0.7396765931072758,1.057696445187186,0.515653652829958,0.36337585252043525
564,-1.1472743199862425,-0.7149230002681604,0.0442719607840922,0.8213993533865284
565,-0.3407254691714325,-1.1713627062146097,-1.3065153467100699,0.006243458391608679
566,-0.6706064776376779,-0.9981320887773363,0.43491669399483707,0.504845102589625
567,1.1568009382651407,-0.6592456477413218,0.5313942565586668,-0.6235137032286794
568,0.6004179959365975,-1.076724352812812,0.2946774820395549,-0.2312339935746135
569,0.18388140560725186,0.16174146060060193,0.9980172579223129,0.3722508310165758
570,-1.8535687893534487,-0.7534661016753907,1.2353347977704587,-0.1233384274591679
571,1.4522600985866063,-0.005961750867525394,0.41164332286551414,-0.33433259306384966
572,0.059482852089542314,1.3711088319309206,-2.3974882174760603,0.9631898229680892
573,-1.043325662695495,-2.724913399661836,-0.08228290271011052,-0.20063949109482815
574,-0.5590653154597519,0.1354991334948964,1.235950742764567,1.1335882593879283
575,-1.0320489362965128,-1.6098500881834825,0.35212463000217387,1.8940024648176197
576,-0.9443571476815281,0.9079279560153858,0.15240957258126203,-0.30713435037635683
577,-1.2217035642090863,1.3124683377060764,-0.2504065463982606,0.6244160719956258
578,1.1132565571722768,-0.4062762536934074,0.8528225001177615,-0.5158482308074349
579,0.04843909646530705,-0.2840544163104487,-0.4046663520184234,-2.5729387014335745
580,-1.106990791007861,-0.4911851654449873,0.6446542192668475,1.1558366098591502
581,0.17205971048379023,-0.651393205545605,-0.056435861885705194,1.209645904639551
582,-1.0452613635727617,0.9480111381533537,-0.9048267272438364,-1.3493259370958317
583,2.454090905052298,1.5466657299643862,0.9461969006165888,0.9942565892338431
584,1.2017485173627918,2.435309428933594,0.746444196840099,-0.5166915141777673
585,0.7983928079945821,0.14057062123260428,-1.2369930067768014,-1.5269136706176025
586,0.40934361608513414,-0.8155813461448098,-0.5666796194855555,-1.243813709408769
587,-1.1368476873209115,0.6677483696074504,0.0822832321252886,0.2781468426268838
588,-0.3408434194982182,-0.05471146118321368,0.3118581584291481,0.1860987829380455
589,-1.0928855736198146,0.7044998703735603,-0.8141308102917467,0.8849478655551919
590,-0.5065155996135113,0.5241622282272717,0.48473067131502906,0.03652779604140512
591,-0.4874852545472263,-0.014577157138720855,-0.6569087726568863,-0.891206514865248
592,0.33851048418393137,-0.21311753658035476,-0.02268597816403933,-0.508912385696807
593,0.5258593887288736,-1.1437560542940073,1.8261707709172712,-0.6854200884418531
594,-0.19821581427477644,0.8039804022106763,-1.3435477601235262,-0.16603058526379522
595,-1.8409265662887146,-2.2782894248654317,0.7183301804795316,0.6858811517131425
596,-0.1737398523107306,-0.6544804931489945,0.9351661643262403,-1.651084178656268
597,1.8127670941536822,1.1514461782941776,1.4382788663395338,0.21447784261018657
598,0.7052964896631817,1.5541388114572798,-0.49028489835799854,-1.5499442641186543
599,1.6758442729448857,0.646073026946519,-0.8494129476898257,-0.9027989441422353
600,-0.379373922849487,0.5771821606363313,0.07598027278335348,1.9206562562792535
601,-1.7354389457723705,0.8203701572985007,1.3699771534285914,0.7284373243007871
602,-0.5127917610292009,2.356732186777372,-0.645794447990975,1.1947474592091083
603,0.20079218294903128,0.6555086583333862,0.09190532363034082,-1.0919888355207643
604,0.09481924476998208,-1.5144938273886905,1.3530756895246494,0.0028154552152173484
605,-0.3325259973910028,0.9261159983633328,-0.43973435691873125,0.8926381998094145
606,-0.1763732193378023,-1.3103456566150207,-0.16162173926132914,-0.3260617571991614
607,-0.49816716257503874,0.2535466049504458,-0.2212023008887365,0.6021988215444112
608,2.0125226139742938,-1.3393782177968248,-0.7088927794325053,1.759112614349946
609,-0.11180521245655729,0.14134506739197336,0.7699819234195702,0.9757630824369866
610,0.8423662006771417,0.30961503882690183,0.24977559101945654,-0.1989835133677874
611,-1.2947104050628642,-1.0840483394788596,-1.4578624574149437,0.17728515149354207
612,-0.8049752467325028,-1.9335553043311589,1.0610234196035424,0.09112411506290058
613,0.8486544837673025,-0.8105505131642206,-2.1473252057245498,-0.7687804922198183
614,-1.5953673320909778,-0.7206884400950267,0.644622416346163,0.12846593506916856
615,1.581556368152537,-0.9940596101377231,0.6202776228051317,-0.3106701519087822
616,1.8442278056387504,-0.04554364659133001,0.29414857868683797,-0.09691909416498143
617,-0.5460871719924363,-0.9779043052324707,0.24008163778322264,0.8336786533678313
618,-0.7648286362726694,-0.5999279565725152,0.5520271913386195,-2.276168842582252
619,0.8625258952177258,-1.06530785952067,-0.01334587108015359,-1.5948905732139338
620,1.2786147950156463,-2.14391602442749,0.9430464278482531,1.1186745972140097
621,0.687682721868392,-1.2007504564080267,0.5456140120305021,0.7603210018024621
622,-0.7554026092727215,0.5789737604224323,-1.2894999592607685,0.38741643817134686
623,1.1274142820388824,-1.0960373810246098,1.139652480934732,0.1256544271991943
624,1.4104319036467037,-0.7521301049410729,-0.2097431742250109,2.2699715898860053
625,-0.11998162073691945,-0.8419672696638736,0.9327185400059008,-1.671700866325492
626,0.9016419641090632,-0.0425032523463945,-1.6867483910291483,0.007566469314128823
627,-0.22165532906794347,1.7358405396723489,0.15026436496484544,0.47596601551983336
628,-1.2392215483254478,0.5544984070060873,-0.8532005955084304,1.2246009750012512
629,-0.972770097389939,-1.5436347709587044,1.0100515553545837,-0.14651473519206326
630,-0.11487384242287377,-0.40881063527908734,0.7883302979159531,-0.9946517177584819
631,1.2152208189266274,0.11155781866624305,-0.8525007900259957,0.7905276315229679
632,-1.447273566188998,-0.304579671555731,0.01881955427515412,-1.147901686652745
633,1.2552113416432256,1.4853259356929969,-1.1192681795736856,-1.0024596130244319
634,-1.3339050120920122,-0.6162216829194523,0.11815525395839109,1.4216533180755
635,-0.3007603545912823,0.8987020482917307,-1.5030512940155354,0.41558704194858787
636,0.5297425631019254,0.7129367168487842,0.9446277647774105,0.5276484735876938
637,-0.15604582939366302,-0.35466064292248795,-1.269209916619038,-0.08007894938628672
638,-0.44969158897953176,-0.7130807847763868,2.2327542773798643,1.591436504392414
639,1.3112617217530103,0.8318331099595091,1.0303307441326706,1.7853843256990305
640,1.7083819515322891,-0.64877180798475,0.04303710929762125,1.6079888081327158
641,-0.0231656283848069,0.6398305734540785,-1.2003958229679705,-0.5499880338939331
642,-1.0383836162507116,-1.6762886954563354,-1.1403028356865155,-0.9464995626815713
643,-0.001262230438743667,0.5595206341824679,0.5089556385913716,-0.27456456995387307
644,1.5622561600121685,-1.2024764531792602,0.07092278390112751,1.4620842513160892
645,0.6319516163956013,2.1172929888133627,-0.011576111626660323,0.7261025791647238
646,0.793589440909706,-1.1799959103994315,0.1250019308392636,-1.1455830729140544
647,-1.8611844769543708,0.8675067409730148,-0.9968348611940621,1.1534199911002148
648,0.5151516645809235,-0.488867655421821,-0.4482457242407205,0.2745103760269472
649,1.4609692916770627,1.735862064773017,-0.1693738746779071,0.9478069502219093
650,-0.03342838966425048,-0.9616601779028805,-1.0953481092142767,-0.4625221408879147
651,-0.016072216222079952,0.5485345428093541,-0.6257410168496195,-0.2785973974757673
652,-1.2161786941156536,0.19787334491893108,-0.5077147069292889,0.44925211555856004
653,-1.1476591365599618,0.4037884642565913,-0.5308580706849578,-1.511934663089716
654,-0.6804941630784139,0.2054265033970971,-2.0135659847702945,0.23489935757047067
655,-0.7712599632619077,-2.3290098077440917,0.9400150806361134,0.21353790775701428
656,0.7852517507859417,-0.24507123917862386,-1.0465766155262732,0.09745253772654794
657,-0.47317853576793323,-0.28440299414405085,-1.9968737032592196,-0.95566441719144
658,0.7433128225732483,-0.6937740540975622,0.382798989741619,-0.44576957060008343
659,2.194945299382806,0.2239962527983428,1.5135010461393124,-0.21739205793417124
660,0.5805127629154312,0.0953955110828276,-0.775247619667197,1.555721630341666
661,-0.5893404082757064,0.8999316096041259,-0.3109928176360105,-0.3654605100297205
662,-1.1926021959193043,1.0819349033976728,-1.6073640053657003,0.7420585572696949
663,0.11857045648662781,0.3979301892455907,-0.019632634284624233,-0.381347014612387
664,-0.5356019608252853,0.741854613518428,-2.0738680377942798,2.6698432960231746
665,0.18022384016381804,-0.6179456955650148,-1.1714777205685984,0.9162194012760783
666,0.790333244663941,1.120691036312868,0.7883318252137677,-0.0955583627177471
667,-0.4645618586060858,0.10648749544151578,-0.05306434415353451,-0.43383545703460785
668,0.38926120584697166,-1.133018439649128,0.8532437832970595,0.5864602582110874
669,-0.2629866449473788,0.9114086560280782,0.3640523465312858,-2.651342172635101
670,-0.6030205368029208,-0.5144363345155916,0.526341983461793,0.6721519706078751
671,1.6888669682039346,-0.5007736991852721,0.42486146570343986,1.0685434217338228
672,-1.0208534844706243,-0.619397226599386,-0.9564506888075689,0.31046461435049905
673,-0.5642610198855451,-0.8784862800882998,-0.44714542701230847,1.748080350576002
674,-0.5166451685035447,-0.3125318446596221,-1.079017547752622,-0.9129757210145404
675,0.7195021422672463,-0.060329109036217264,-0.9177112608824225,1.9947328865276512
676,0.3478003420246248,0.6399796442803536,-1.2303359598542898,0.25949773116055047
677,0.7851847016925447,0.27907114317626297,-0.16119299082222557,1.1137055911275076
678,0.8719089907701835,0.1602311596220471,0.556433055804674,0.29318916058398975
679,-1.1474709439602644,-0.878754973517691,1.2620945038733746,0.1954838710032601
680,1.1596887303304542,-1.2281683323564427,-1.569539783556164,-1.6045504753964452
681,1.241649436534954,-0.8948231575041932,-1.3637273626847233,-2.0789370745471634
682,-1.3027448426954509,-0.49147769585561374,-0.9937123360825293,0.21858040092219508
683,-0.2624292974818241,-0.116777057034721,0.5031821907982419,-0.017942419684643794
684,-1.4161143258286557,-0.40966797528209364,0.29874393149439826,1.6640179611213195
685,0.5754566220724808,-1.9674241537702222,0.2673696466747909,-0.4371809202942725
686,0.4154839702778256,-0.3905686674429913,-1.0812567201146523,0.11232235888099769
687,-0.8066174192148674,-1.3337016885072288,-0.2886610747155938,-2.039331011297613
688,-0.1606273720075522,-1.5230330556305784,-0.2531866410894972,0.6046734610434197
689,1.2658319170954597,1.1461148153268008,0.1477744369865319,1.0335828702511014
690,-0.746783860336717,0.6843567927759638,1.4251093020499663,1.715154816465486
691,1.2522802696313209,-0.265173568346395,-1.5634765604020253,-0.4181562800751406
692,-0.6196341968862524,0.33543658032860213,1.4258293365198016,-0.9462775238766749
693,-0.4332540690607702,0.5041636156571404,-1.73273704030105,0.338457253683837
694,0.3463752298215635,-1.7309582151483713,-0.6572498264740997,-1.2549174809299055
695,0.45917166253993896,1.5392237261496644,-2.8948896856371418,-0.1440405682021635
696,-0.5670704509697426,0.11648423395604378,-0.9186064304151117,-0.960204358227976
697,0.01266819944149892,1.5156861429194803,0.2984632190488794,0.6432410568558499
698,-1.1729640512960533,0.06488614780494108,-0.030307358598491894,-0.854655181699887
699,0.5398738253596194,-1.5857207967124411,-0.3498014605120876,0.12970667264268151
700,-1.7800444912479259,-1.7142253195062576,0.5043243260575798,-1.8498246325637477
701,-0.11340548967391997,0.30619903669080395,2.3382933548856357,-0.821945160193145
702,0.9105511624954753,2.41971460563311,-1.5103022619747064,-0.06413554070766912
703,-0.15688363644157807,-0.6235979484897849,-0.40078759829184446,0.175349148364594
704,0.4989581886582383,-2.826441741496396,0.7401988153371053,0.2888949261577925
705,0.49837770061005454,1.5641059696794084,0.0525035494888014,0.7203062314084071
706,0.08949082641498202,-0.19350043903385414,0.7149272689498518,0.003770997664019102
707,-0.39845502283375084,-0.6355617662955507,-1.2261266887603584,-1.2905123187237124
708,-1.6080611368189321,0.009339920475186569,-1.3206377051075409,0.8581891219248133
709,1.2226712857164936,0.5120970384357647,-0.5844098869522778,1.744997282141278
710,2.244563537797947,1.9432865375086834,-0.01698154479719086,-0.8622165534432011
711,-0.24408576233431714,1.2361870101778833,-1.0595333371669509,0.7335627934767738
712,-0.08892017718810337,0.7471183534786615,1.230632463356554,2.346066451464684
713,-1.4276597092105725,-0.421789002274704,0.4476200105056511,-0.26383262168343524
714,-0.5554119563480443,0.7551430216412821,-0.6700496381286494,-0.0008944144505970157
715,2.396997729000431,-0.5959889169306755,-0.4942714652378226,-0.9980385002512941
716,-0.6441291402922867,0.749887274322219,-0.44805814699540153,-1.0606007791438663
717,0.45587062502914416,1.6879675229900157,-0.13499368478072776,0.9434385317181704
718,1.244698633872073,0.47274987997791584,0.3715217032669975,2.0043063155037673
719,1.7177636616442222,0.9305676643844448,-0.5293545710969039,-0.06561842917685855
720,-1.2631313877541914,1.3885803514080548,-0.36947942314972365,1.904407136010168
721,0.429602917090393,0.7033218463802712,1.3729594529195757,-1.442106989161667
722,0.1384124484754287,-1.7762373595725942,0.28612214432782623,-0.22877651703873958
723,0.16365641319641308,-0.8465351463397526,0.6160476218446262,-0.5385444922590222
724,-0.41290868719962576,1.7451263990714665,-0.1854758781949331,1.5548084732188225
725,-0.23589524499916548,0.44279907927313594,0.7980406670199646,-0.49774638270732147
726,-0.11616213725217851,-0.8415744750762567,-0.24317717114150822,1.4331774073503474
727,0.3983114954289533,-0.28758753970140005,-0.2822299577174709,-0.6484130498968883
728,-0.6319920601719996,0.7806982753165832,0.4042483091412398,0.5235892367359104
729,-0.5892365760878852,-0.036078518345701284,-0.8467143063703869,-0.4701820948235059
730,0.13361177724512885,-0.7246814468404728,-2.271677820999689,-0.2799429257447565
731,-0.6610319351414939,-0.7430578466477845,0.13387396656352804,0.3492924173193434
732,-0.7416016921692974,-1.7899248214068875,-1.337893306987224,-0.10820476451020883
733,-0.8881707244817557,0.6492590789091447,0.8220774933329068,-0.016895868605939172
734,-0.03536733524922123,-0.8723739557075418,2.345137840428906,0.27881786798964203
735,-0.945989111269214,0.5889542675282419,-0.10985196065745288,-0.4604774645480251
736,0.6315520074398645,-1.561470246049795,2.0548532559458756,-0.3137962185132242
737,-1.210172763770647,-0.9736921935639055,-0.38254372248078666,0.5562337937694453
738,-0.35369360808678635,0.5634793287201303,0.6059961054466575,1.7490276103799745
739,-1.3624958787045196,1.3593755120414106,-1.020249133465927,0.40285114195609056
740,-2.051318813205166,-2.479741066866482,-0.7360604994907087,-0.8934619099240216
741,1.1835063776890284,-0.8653452336265888,-1.3273270813797113,-0.88769237807099
742,0.5207832884834811,0.24546241603225594,0.3850793179981157,-0.6915424153873639
743,-0.9505550925539312,0.012382456376134561,-0.5535474954780953,-1.1241168264495596
744,0.0813063338733827,0.014035919613607851,-3.271137957665617,0.24820359652023488
745,-1.8193715637722643,0.12860524405935858,0.7268247071400042,0.5324681129037886
746,-0.606060068498836,0.34214784313347923,-0.11932231203460683,0.22050096778858258
747,-1.419711730461684,0.08442970722157503,-0.3526777677057794,2.0639016838928868
748,-0.807937229383825,0.8861372298809395,-0.13301332727339543,-1.3540426626538713
749,-0.2895320263345833,1.1549081368607688,2.1618600295484196,0.6608721964767902
750,0.8142125515900243,-0.7205447933041288,-0.6851018520096704,-1.7696892484371871
751,0.8138843200230566,-0.10010317530936903,-0.4119390260809641,0.8096282561292618
752,-1.348441492640095,1.3263710476825799,0.1866115391619639,0.024521001249621237
753,0.5502754106177375,1.8480517776490961,0.023586659182597162,0.022460438057187147
754,-2.3536120774551743,0.841970923275806,0.827533112708956,0.15798992644026263
755,-0.4935263100629458,0.38204264506383295,0.7984948315289061,-0.1046709472703843
756,0.5920246575916632,1.285005212542515,-0.03442937317388508,-1.071991965180422
757,1.5588625687773165,0.8249823305961859,-0.5513982130944282,1.0301379660900838
758,0.9428004170109996,-0.7422477847632509,-0.02273801989215132,1.1495492254527975
759,0.4355829590281246,1.4775423712946194,-0.3713112146875352,0.11954408464004097
760,0.5880349677740072,-0.8501244146687246,0.16732935623727196,0.8874581744180032
761,0.015099020206129425,-0.9468436294489929,-2.494690136459272,-0.8495426580670169
762,1.6511367725210797,-1.537556968345128,0.5475472263335199,-1.0913084068187116
763,-0.017476570770995684,-1.333476374839484,-0.48034494520772325,-0.5344711485863096
764,0.6418829785521141,-0.447345224199658,-1.5636346986275318,0.1304346692492011
765,-2.0175374098906236,1.1471430816563228,-2.0196151174594217,-1.2561461725173588
766,1.1119015294884176,-0.47033966365871205,-0.420385440049333,0.5764139986789508
767,-0.7298940769536924,0.47128964441577104,-0.3856228042567292,-0.15585090652430775
768,0.040617951893589896,-0.31562138172756526,0.2616467627003865,-0.5023963913577238
769,0.04564695841424329,-1.0068903723343416,0.6391819713330695,-1.5956610311870891
770,1.238259245777311,0.41336111560026717,2.1619015791380614,0.7742883229715911
771,1.458971616687502,-0.9233452112170181,-1.5127828940947987,-1.7593142946938531
772,-1.2782552173299975,0.13831715163645555,-0.6921774368478566,0.14122730535333386
773,0.2911743617879249,1.8334633420227566,0.8286105742796479,-0.7040391964700716
774,0.6296875215998897,0.44430606159059177,1.0268095395420564,-0.6327096720046915
775,0.25995222738687535,1.1651219595771083,0.1803854724155156,-0.9746492472774346
776,0.8431639394421155,0.5400668668844875,0.48707977358120796,-1.4730072424859468
777,-0.7611619725738316,0.6131108277834082,0.6359402725149287,0.4671595026725368
778,0.8020969825406695,-1.3015436789750612,-1.1144627799670004,-0.9123303261805359
779,-2.8801947795030873,0.8080479331924416,-1.0756492449092019,0.12409352867310788
780,-0.8477590315008207,1.3623606855960693,-0.5498399439202386,0.3475876957670316
781,0.6662893389827472,-0.8178066280923997,0.37312024015646444,-0.2344709999556344
782,-0.2297957133626362,-0.036376914697794464,0.10892965053248586,-0.5207524129546454
783,0.20110007008339945,0.4458656277148708,-0.7829028250621334,-0.4938209681710767
784,1.3864540286246874,0.18634878486420833,-0.07322488405482601,-0.7478942407964551
785,0.01516973806636007,-0.4269156112026336,-2.2501882966420172,-1.6184797828624788
786,-0.895534305378471,1.3762688000558387,-0.7584383645324838,-0.6490206985156874
787,-0.3487093333738508,-1.5980175311861848,-1.1676220551398175,1.7084645602204287
788,0.14585216458176423,0.8262028421658212,-0.2436708955142867,-1.5235066468937535
789,0.6975377587492058,0.2307176599616979,-0.6576910082963427,-1.281923478285843
790,-1.8291211812787145,1.4562634406369885,-1.6644784367238152,0.3125246305173983
791,-0.9646479322167905,-0.4689459959454666,-1.409915949820703,-1.706061733107103
792,0.23715289091487327,0.8915012392388534,1.3107805428691803,-0.9190668904939764
793,1.0286268937363117,0.2392672374812617,-0.8832411823108784,0.03674656729563992
794,0.657105206073687,1.1573643640770623,-0.2587352223426706,-0.9252953921809166
795,2.8446487781738,0.7702743948921598,-1.2468289960602095,-0.18836185696132085
796,-1.323741986606142,-0.008287316476544114,0.45608850160868136,-0.6925621943984475
797,1.6707419788541054,-0.31112196320281343,-0.11186477765073155,0.2966506008285147
798,-0.9340926789991385,-0.13603278364221869,-0.15492153043279297,-1.0728099590976314
799,-0.14881667259038486,-0.8267424404918267,-0.030851633225038887,-1.037089975397674
800,1.3471232627653325,1.041906609194967,1.108218631069155,-0.22168292513355753
801,0.06826472626620257,-0.730907146510776,-0.24458125830672472,-0.1655464645102936
802,-0.4003820854156439,0.2060966006124604,-0.3818729606698576,1.0652435039136332
803,-1.764751253136372,-2.6357747167148444,0.1285317984036993,0.5574020067999436
804,-0.39981595389336705,-0.005262446051371976,-0.054137100878872864,-0.5199123929876818
805,0.10735696919871289,0.15170895462190534,-0.7834073886976481,0.03900298618524254
806,0.23095979508043304,-0.22003782947105813,0.635691783762806,0.11260652687347408
807,1.3105226446358749,-0.02525117773165801,-0.9520320827560866,0.1707981985211651
808,-0.8084629913047393,-0.29640066662587006,1.4730967105955188,1.1760017094233937
809,-0.38144396263414876,-0.21842394097153112,0.5415718327735755,0.8242219019129532
810,-0.44102145917653984,1.803896086491308,1.3481079562584495,0.4302907382522043
811,-0.30094649583325167,0.14377685398595924,0.4479741990363896,-1.2307731925668737
812,0.8762415786317663,0.6045781362066946,-1.1297570011825897,0.30418475011908425
813,1.9891062323399016,-2.3789666137917442,1.4751986048628616,-0.02039849771149065
814,-0.7197995728639272,-1.0134547990726765,1.1813929886743344,1.9534483025343656
815,0.7227143156310769,-1.0468892930510514,0.7562280589461681,-0.6871435780033199
816,-0.5749474367603006,-0.06157341756670673,-0.36875643291403903,0.05383303345246864
817,0.2915657391761228,1.0393446984565569,-0.6793422706351432,1.1283659235252097
818,-0.3551547823856158,-0.39080659195746364,0.9968920397986947,1.1961200354105586
819,-0.6872262075714015,-1.2798112240295365,1.0907355820261875,1.883932887167686
820,1.3389832117136833,-1.117657688824948,0.3182134530104341,-0.9176820999880779
821,0.38640940329629453,-1.1589479400745024,0.2111105081347281,-0.15114466191822082
822,0.2661662285158346,0.7779556600969242,0.36158497565610476,0.514828504021419
823,-0.48975290005859223,1.1103460539753087,0.44644899378613184,-0.14552130659404916
824,-1.3919551187386434,0.3296302589211211,-0.040717635111210716,0.36482466117693574
825,-0.09302819646655111,-0.6648452475703499,1.1405641498051413,0.4981149004646303
826,-0.10548797998556188,3.09055092598861,0.22805951574084346,-0.03189090917954185
827,-0.7360760389288314,1.0649863443438663,0.7937260491728655,1.1231483898985262
828,0.03641080477099433,-1.1815825956351098,0.8066255280951371,1.0711211474984081
829,0.25947350030366134,-0.8160612384639799,2.264936019694846,1.512314906251822
830,0.31464658421573555,0.05833247773300904,-0.6078482975419788,-1.215666015532431
831,0.21503770473955308,0.6354871693484302,-1.1793429115908878,-0.725012461755371
832,-0.9321321955930221,-1.0077186052541247,0.8929575007825793,0.3769116342070478
833,-0.9307763510377508,1.0559648965796302,0.3539155605910946,-0.5350900472903857
834,-0.23622130951370848,0.008266682070041581,-0.5802097911595366,0.01455144611245223
835,-0.6975974925244949,0.25180592740100877,-1.1883227852372833,-0.2814300717710919
836,0.06772497008597422,0.40214186006829034,0.7745435733881743,-0.8023901252684187
837,1.7174219844779781,-0.14974595721986614,-0.25628059612234433,0.01472265670054903
838,0.8481979283594688,0.7848735701407867,-2.328552658970787,-1.0292604906730272
839,-0.2355112468802496,-0.7886161542944273,-0.15975807658484883,0.22076702736531267
840,0.03392813043300442,-0.7152207303258729,-0.2227954449765613,1.9200039531044204
841,0.0896392219683338,-0.5865891976635367,-1.0793092699834401,-0.9801320122571713
842,-0.5067726170534408,-0.25337449929052575,-0.2832601875817959,0.632987126814896
843,0.2830834105711421,1.5538583431497777,-0.9368784097707863,1.1874344692394438
844,-1.4569105084763814,0.6319741357283425,-0.6400790787888522,-1.055515370863798
845,0.2834823919180519,-1.6392327742868786,1.7717113218215663,-0.8472185381567668
846,1.3961985874434033,-0.013767606937997931,0.06565800365771422,-0.8347307104458829
847,-0.12827648811931366,0.6190533245873738,0.3442076005007046,-1.0145195136989007
848,0.24793547141734776,-0.597136377142245,-0.4532544360361122,-1.0686276384472555
849,-1.3075282084234616,-1.1862369252158398,-1.0851532476936356,-1.2537087249312193
850,-1.5630262027163437,1.573346544165028,0.02401960816712666,2.6217491306580616
851,0.4953342866222874,-0.668722217510697,0.17708659472987628,1.051176100323438
852,-0.8276647914853625,-0.8132547689654234,-0.21540267669935267,3.6111187675439784
853,0.17013251596413662,-0.0029577528925235925,-0.565616396690396,-1.0881505731078145
854,-0.2500536185570135,0.36361460468570544,0.4213317449328496,0.6293563321105974
855,1.220062748496531,-1.1542634329399315,0.5240451510784647,0.30558793270620566
856,-0.967140056556144,-0.19791765240152734,0.5917671003309153,-2.933172092077836
857,-1.477184222440491,-0.5835659943978395,-1.0713380067192666,0.17347483575512118
858,0.7415716250402143,-0.8902224141676273,-1.071858334748069,0.5447587903061283
859,-0.7075508536125042,-2.806697106297425,-1.613168192407431,-0.17821106812980889
860,-0.4446118160740018,0.36039622230527646,0.890501225259027,-0.6045255371622265
861,-0.5149103848979051,0.6874697455015487,-0.45792898049796743,1.1390288333173568
862,0.45203077212247866,-1.1514601618114724,0.8332766285357157,-0.07019532537627561
863,-0.3528506337616651,-2.202226490476487,1.2824820951314952,0.3090934041653913
864,-0.8349532876812105,0.6261037502333019,-0.459712408850249,0.47192097051427034
865,-0.2903502752025305,1.515584065710178,-0.029682161067353306,-1.553561157062921
866,1.0289428916717338,-0.007257185188745444,-0.02035606498064946,-1.7239017063893163
867,0.5539787546252332,0.36956402248895026,-0.6189549259046107,-0.879025206045398
868,0.35741200146982083,-0.11317018909130992,1.242901374247628,-0.36428260885405334
869,0.10828280303328654,1.1412881571319164,-0.6337448190051791,-2.1933243118044476
870,-0.6047400149449487,-0.41358364436498724,1.0245871195895364,0.3380555837373991
871,-0.16957179559474936,0.9237398213285839,-0.46537486424893104,-1.2274613383773791
872,-0.46257466786192514,-0.2648188904151758,-0.8338272155730855,-0.6013148072284534
873,-0.3494287672255967,0.29529518999685084,0.5090369310319803,-1.1742909672868773
874,0.0699508428367981,-1.060133694403958,0.43183679241774375,1.0194797257785464
875,0.057110311087728335,-0.412907148098111,0.5219866998676069,-1.5876625330559746
876,-1.1841099366475174,2.1688041262488422,0.7336150867988986,-0.1205209084786469
877,-0.24925501634156633,-0.722605884662833,0.21486749966377489,-0.4757438306009313
878,1.2316967420566503,1.586219867456936,-0.7178761608292472,-0.9979300285772185
879,0.1340419231622522,1.7317758720555696,-0.025428333124686276,0.9037982394351797
880,-0.670949915375674,-0.512811649481642,1.3360211663573973,0.23781622929595597
881,0.48690964570543466,1.583722780724975,1.363822254283262,-1.6845269018196405
882,-1.1624502038562576,-0.5787922516994736,-1.0344011141303093,-2.6762145270656217
883,-1.3488581732655902,0.8577862159655738,-0.6336263269791887,-0.5883447535176297
884,-1.7676297042546587,0.8080210344106149,2.139049140221404,1.9585895506038469
885,-0.11673439642039227,-0.24928100541659387,0.9835296005877798,-0.5879793122497027
886,-0.6143762139804829,-1.6239138090934908,-1.0293389119354166,1.271193372712065
887,1.1234355083428602,-0.5085605978485566,-0.018314779727038606,-0.05085824492018056
888,-0.6710088243948241,-1.6727233315433874,0.5657030973755135,0.465985459948455
889,2.265410581668598,-0.585137125583984,0.3688571599513988,-0.769612312229148
890,-0.6522450430401427,-0.3473530723086362,-0.2864516831551417,0.7908306760163217
891,1.1827138834595678,-0.8613851598368606,0.5612879587079733,-0.6666456247668815
892,0.1605292755957589,-0.09352140279839374,0.06066133447799777,0.6929607693791863
893,0.9321864934794906,-1.398364451808909,-0.24274623829128117,0.28831765954906113
894,0.526547837609813,0.42414371530004147,0.3855569193285493,0.015220816580753978
895,-1.5884172587891372,1.875084714438472,0.3977990251046047,-2.8273776078174637
896,-0.7483768982704536,0.9501578462637433,0.6441696549139898,-0.05483682134686528
897,-0.01322583278551617,0.30549138898236555,0.22222903650206557,-0.9702775268273639
898,-0.15116986159402174,-1.0843103067080233,-0.23326805493412414,-1.1366904751228264
899,-1.650251612719222,0.6572072541311617,2.00377169227603,-2.191114843720239
900,-1.186652929419494,-0.07750450949177934,0.9715191184838581,0.7122026492248811
901,1.1056351307222783,-0.29646470369155054,-0.3389491926974416,-1.044937141249636
902,-1.091144302120114,-0.8358146295588484,1.4430063762696355,0.7359334696571566
903,1.250589280290402,-0.6564295906783695,0.8184922934810077,0.9603772428052261
904,-0.37556562120646836,1.4692617271619952,0.43620832706409063,0.14739348243906883
905,1.6712470692800039,-1.0871374180232507,-0.06604002861185464,0.7493078210795998
906,1.4612457366696971,0.953412513015208,-1.2512580018675665,1.2635264725813395
907,-0.08771179721901583,0.5092652048199401,-1.0750243787079405,-0.6607170315244528
908,-0.7214573519456527,-0.07397713342252167,0.4813840977460749,1.894364150362595
909,0.7722462372628123,-2.8307807144013983,-1.8632642167688473,-0.5571445418607935
910,1.247731308499979,1.237597860679419,-0.31935989097931977,1.5427850345981435
911,-0.5772729643935655,-0.5617919125303416,0.3159802822609804,0.6803269745392629
912,-0.22977054778347683,-1.2514317458018804,0.04175627556561527,-0.2156395427098069
913,0.6772528382703623,-1.6902056176109108,1.1680309886423195,0.20076159679658598
914,-0.4582031723314907,-1.2841113349431912,-1.0369637400242133,-0.19203995460997314
915,-0.47116352287829144,-0.0006923864718611096,-0.367683718124167,0.6332264077370431
916,-0.9260981177255071,-1.1682493031353978,0.39594906823315745,0.5836053781528183
917,1.5885700853088518,-0.41127886225351495,-0.10612193066834177,-0.29828801816468453
918,1.3990852208973135,-1.338280274816374,-0.08244541880582473,0.5239482125691861
919,-1.0537918158981174,0.012141919828993515,-0.5310187615035177,-0.2724673939177129
920,-1.1363558661029598,-0.33958564555889803,-1.091946557718684,1.209165248884163
921,-0.38550286589205457,0.9683897633294111,1.5271507545204268,1.87211824959523
922,0.9086090555496763,0.9895013137211659,1.6143615884102986,1.057457317047753
923,1.1274233432260268,-0.30308922844799024,-1.8365865353076365,-0.01973078539043069
924,0.874908114924766,0.37247938575626266,-0.43993537635406593,-0.12119173610953318
925,0.20124459197644576,0.2512682612004983,2.1216202599321154,-0.9693198237309415
926,0.05630521697165504,-1.6403933734432397,-0.9474457772727732,-0.7081129988418928
927,0.14514353285440712,-0.422125211816932,0.35617488986069606,0.1327958127398409
928,-0.16257649628403206,1.6804280441996713,0.7600077631975162,0.14002587105235298
929,2.1590128651485596,1.8831241420496176,-0.8590439710324586,0.7955555124804008
930,-0.5610695453415734,0.24227152006970118,0.3136067555311824,-1.8537845947830793
931,0.28292388885194136,1.477062934644792,-1.7271731545108742,0.17670488031985793
932,0.5139299380156241,1.8811579357908013,0.16707943534623032,-0.32245437201741445
933,1.8602218323666428,1.4109463115254888,0.3616821892972766,-0.4445650969146568
934,0.7397034888604097,-2.447939053161556,-0.5919784918646945,-1.344723897375013
935,2.1744990472765355,0.9099044721389031,-0.586356130150175,0.32176374292546933
936,0.46165291681536397,1.2794487278632798,0.08572691140196578,0.971880000223315
937,0.06296574747083497,0.16780353942962511,0.5536369071813962,0.8289977184190171
938,1.375890935212796,-1.7459169050448158,-0.11084308035925544,1.0339241258000078
939,0.3889372478013942,1.1737343519457746,0.5241759541969097,-1.1096648647469887
940,-1.087391564373241,0.19065686467169474,0.08193844677705767,-1.3557628679059823
941,0.2789199006811581,0.06851926085840411,0.523865374043617,-1.4287129417118405
942,0.9698757958693341,-0.3518495620416575,0.21877980186480778,-2.4695426829269977
943,-0.6441359365658599,-1.4274284443999297,0.06099470083618657,-0.14252053575810497
944,-1.209302488685347,1.7408848820983942,-0.5444734867818178,0.11708778341827805
945,0.6880610844647278,0.5119050596197398,0.713540868866666,0.2012356120245617
946,-0.23311598175410195,1.0284280794652978,-0.10346953705065232,-1.4453535756042035
947,0.40702860380297506,-1.1037708212795991,-0.540360845690919,-0.19059313018756174
948,0.1731875618015287,-2.019313561608755,-0.7793910406136764,-0.8478964463163025
949,-1.7191793726637645,-0.15834852181831405,0.7354080363836486,-0.562139128777984
950,1.056322228505815,0.1574155682437777,0.07806229699867791,1.2983120095212417
951,2.264134871179843,-0.7194246847531768,1.0661993311162414,-0.10305964739948435
952,-0.3880167182523746,0.48899823732565206,1.8813523309105638,-0.3996301933073327
953,2.6503201645000733,-0.7981663255602984,-1.0576842941937838,-0.06762850556890021
954,0.5507318898981972,0.0012564321165081183,0.9595545724143697,0.4876834831070366
955,-1.343216729612208,0.6106571778894563,-0.359892585657857,1.3186079519434648
956,-0.7016097646275453,-0.7778594683721712,-0.6552021306901048,-1.7673034391371873
957,-0.4068960530485008,1.8210239170785634,-0.9886632916212293,-1.3360322354312908
958,1.466667791228548,1.3815674787497318,0.570231138276918,-1.718279066085249
959,0.28630380395652777,-1.9050437575749435,-1.492742660146547,1.607788845771316
960,1.1792071818753622,1.0110894095122587,-0.9898022349647967,-0.47568974346181053
961,0.8561635896308799,-0.5033989774745959,0.9709578438421885,0.10629801256044455
962,0.5386530839254577,-1.0123298747861336,-0.6815229250721615,0.6071893171280376
963,1.0181297142800458,-1.0663748679983054,0.7658079195078469,-0.507782285695987
964,-1.0369380219384647,1.6643375409650376,0.008008815181893739,1.0118010031071014
965,0.9166332149229838,-0.46440655385475477,-0.19938655919973758,-0.10264548695538202
966,-1.7367336178038815,-1.7223492605300017,-0.03033150930408731,-0.3602511475305303
967,-0.5667637904525927,0.47777956051890397,1.855553927539551,0.7346142088198852
968,0.37605705844814813,0.40690176165003283,1.5185124390895006,1.173692918654719
969,-2.961652460914775,1.2652682565391138,-0.23918675548908394,0.013380188633530982
970,-0.4571440091740232,-1.2735268893358351,-0.5798146635997604,0.9770162259380447
971,-0.1707164602503173,0.3078537986129678,-0.11645330992291444,-0.7842191478373388
972,-0.4461953544590388,-1.3756514915687073,0.12974831806993883,1.0740163984717626
973,0.2841240227532963,0.1332131711122653,-1.5629540596642835,-2.177793500770283
974,-1.0884382091851417,-1.253063622001803,-0.01908763214963386,-1.1576561754921428
975,-1.2696958539821237,-0.42327894384746545,0.7702536967904371,0.5620717350505537
976,2.781704256999885,-0.21913357440131012,-0.7859980948632442,-1.260319207195521
977,0.12478224331015218,-1.7416829548170685,1.6435290481685483,0.06690276882294573
978,0.6018631231095226,0.0006706955871074567,1.380803764727478,-0.3227652201202172
979,-0.6841593481135193,0.15715464190043235,-2.1361713314879696,1.2104194988157908
980,-2.1813029486312163,-1.08268355052261,-0.2984482845935865,0.5708843787031632
981,0.5655348750843452,0.21460545144955315,1.2222779021195904,-1.2064118955640655
982,-0.22921758320989594,0.8419847643935462,1.1685416112364264,-0.907289362297948
983,-0.06741161239433849,2.2794200148186277,-0.21717968436593246,0.11298679913678011
984,1.9553771301612837,-0.6842618583408322,0.663572849434844,-1.3303494872457597
985,-1.3155682862720228,-0.3556143944382193,2.081369195696295,0.30685820672560304
986,-0.23854533652444082,-0.7066985337330762,-1.9355277835198377,0.22344900918416502
987,-0.1698701125658679,-0.15119520506554465,1.2493481339916623,1.4495325794021332
988,0.07858046126286683,-0.7958519423635964,-1.972217836870259,-1.083172040069194
989,-1.427016696928121,-0.3197902889291713,-0.5489656162713211,-0.08734754683332856
990,1.333752462222243,1.024822312797526,-0.9075300245889301,-0.3078608749350123
991,-0.9591565630198329,-0.8684428214727488,-0.3438657247363603,0.9091774589047751
992,0.4947269576377739,1.160471295494403,-0.25593018224714437,-0.25325792757054794
993,0.5218519545718419,0.16613904161258208,1.720515669791089,-0.7134973167724719
994,-0.8522965183282258,-1.4165743626873835,-1.3169303363656175,-1.4034281254319554
995,-0.9861855599472625,0.7433978374760135,-0.5041161118527839,0.17198019098898773
996,0.07691956113650018,-0.6551043671797455,0.3985186090864885,-0.2588825018373719
997,1.310186592905676,-0.4339288571083005,1.442732011556897,-0.38631136728326154
998,-0.3408519637469508,-1.1462513231025833,0.5885386225863727,0.8909054187585428
999,0.4017976737769344,-0.6831361966665032,0.9073888942968874,-0.500404433505335
